date,nationality,age
2024-05-01,American,28
2024-05-01,Spanish,60
2024-05-01,Italian,13
2024-05-01,Chinese,26
2024-05-01,Chinese,43
2024-05-01,Irish,73
2024-05-01,Japanese,67
2024-05-01,English,30
2024-05-01,Chinese,80
2024-05-01,Chinese,22
2024-05-01,Italian,25
2024-05-01,Japanese,72
2024-05-01,English,79
2024-05-01,Turkish,66
2024-05-01,Chinese,67
2024-05-01,English,27
2024-05-01,French,71
2024-05-01,Japanese,41
2024-05-01,Turkish,47
2024-05-01,Japanese,26
2024-05-01,Irish,57
2024-05-01,Italian,23
2024-05-01,English,12
2024-05-01,Turkish,23
2024-05-01,Irish,75
2024-05-01,German,42
2024-05-01,Spanish,35
2024-05-01,Irish,79
2024-05-01,Italian,14
2024-05-01,Spanish,53
2024-05-01,Italian,48
2024-05-01,English,51
2024-05-01,Turkish,63
2024-05-01,Japanese,26
2024-05-01,French,61
2024-05-01,English,35
2024-05-01,French,61
2024-05-01,Italian,22
2024-05-01,American,60
2024-05-01,French,54
2024-05-01,Turkish,63
2024-05-01,Irish,21
2024-05-01,German,72
2024-05-01,French,59
2024-05-01,French,63
2024-05-01,Irish,76
2024-05-01,English,50
2024-05-01,Turkish,78
2024-05-01,Spanish,54
2024-05-01,Spanish,49
2024-05-02,American,28
2024-05-02,Spanish,60
2024-05-02,Italian,13
2024-05-02,Chinese,26
2024-05-02,Irish,73
2024-05-02,Japanese,67
2024-05-02,English,30
2024-05-02,Chinese,80
2024-05-02,Chinese,22
2024-05-02,Italian,25
2024-05-02,Japanese,72
2024-05-02,English,79
2024-05-02,Turkish,66
2024-05-02,Chinese,67
2024-05-02,English,27
2024-05-02,French,71
2024-05-02,Japanese,41
2024-05-02,Turkish,47
2024-05-02,Japanese,26
2024-05-02,Irish,57
2024-05-02,Italian,23
2024-05-02,English,12
2024-05-02,Turkish,23
2024-05-02,Irish,75
2024-05-02,German,42
2024-05-02,Spanish,35
2024-05-02,Irish,79
2024-05-02,Italian,14
2024-05-02,Spanish,53
2024-05-02,Italian,48
2024-05-02,English,51
2024-05-02,Turkish,63
2024-05-02,Japanese,26
2024-05-02,French,61
2024-05-02,English,35
2024-05-02,French,61
2024-05-02,Italian,22
2024-05-02,American,60
2024-05-02,French,54
2024-05-02,Turkish,63
2024-05-02,Irish,21
2024-05-02,German,72
2024-05-02,French,59
2024-05-02,French,63
2024-05-02,Irish,76
2024-05-02,English,50
2024-05-02,Turkish,78
2024-05-02,Spanish,54
2024-05-02,Spanish,49
2024-05-02,Chinese,49
2024-05-03,American,28
2024-05-03,Spanish,60
2024-05-03,Italian,13
2024-05-03,Chinese,26
2024-05-03,Irish,73
2024-05-03,Japanese,67
2024-05-03,English,30
2024-05-03,Chinese,80
2024-05-03,Chinese,22
2024-05-03,Italian,25
2024-05-03,English,79
2024-05-03,Turkish,66
2024-05-03,Chinese,67
2024-05-03,English,27
2024-05-03,French,71
2024-05-03,Japanese,41
2024-05-03,Turkish,47
2024-05-03,Japanese,26
2024-05-03,Irish,57
2024-05-03,Italian,23
2024-05-03,English,12
2024-05-03,Turkish,23
2024-05-03,Irish,75
2024-05-03,German,42
2024-05-03,Spanish,35
2024-05-03,Irish,79
2024-05-03,Italian,14
2024-05-03,Spanish,53
2024-05-03,Italian,48
2024-05-03,English,51
2024-05-03,Turkish,63
2024-05-03,Japanese,26
2024-05-03,French,61
2024-05-03,English,35
2024-05-03,French,61
2024-05-03,Italian,22
2024-05-03,American,60
2024-05-03,French,54
2024-05-03,Turkish,63
2024-05-03,Irish,21
2024-05-03,German,72
2024-05-03,French,59
2024-05-03,French,63
2024-05-03,Irish,76
2024-05-03,English,50
2024-05-03,Turkish,78
2024-05-03,Spanish,54
2024-05-03,Spanish,49
2024-05-03,Chinese,49
2024-05-03,Chinese,49
2024-05-03,German,37
2024-05-03,Japanese,47
2024-05-03,Spanish,14
2024-05-03,Spanish,47
2024-05-03,French,15
2024-05-03,Japanese,31
2024-05-04,American,28
2024-05-04,Spanish,60
2024-05-04,Italian,13
2024-05-04,Chinese,26
2024-05-04,Irish,73
2024-05-04,Japanese,67
2024-05-04,English,30
2024-05-04,Chinese,80
2024-05-04,Chinese,22
2024-05-04,Italian,25
2024-05-04,English,79
2024-05-04,Chinese,67
2024-05-04,English,27
2024-05-04,French,71
2024-05-04,Japanese,41
2024-05-04,Turkish,47
2024-05-04,Japanese,26
2024-05-04,Irish,57
2024-05-04,Italian,23
2024-05-04,English,12
2024-05-04,Turkish,23
2024-05-04,Irish,75
2024-05-04,German,42
2024-05-04,Spanish,35
2024-05-04,Irish,79
2024-05-04,Italian,14
2024-05-04,Spanish,53
2024-05-04,Italian,48
2024-05-04,English,51
2024-05-04,Turkish,63
2024-05-04,Japanese,26
2024-05-04,French,61
2024-05-04,English,35
2024-05-04,French,61
2024-05-04,Italian,22
2024-05-04,American,60
2024-05-04,Turkish,63
2024-05-04,Irish,21
2024-05-04,German,72
2024-05-04,French,59
2024-05-04,French,63
2024-05-04,Irish,76
2024-05-04,English,50
2024-05-04,Turkish,78
2024-05-04,Spanish,54
2024-05-04,Spanish,49
2024-05-04,Chinese,49
2024-05-04,Chinese,49
2024-05-04,German,37
2024-05-04,Japanese,47
2024-05-04,Spanish,14
2024-05-04,Spanish,47
2024-05-04,French,15
2024-05-04,Japanese,31
2024-05-04,Italian,32
2024-05-04,French,40
2024-05-04,Irish,49
2024-05-04,Irish,39
2024-05-04,American,70
2024-05-04,American,54
2024-05-04,Irish,62
2024-05-05,American,28
2024-05-05,Spanish,60
2024-05-05,Italian,13
2024-05-05,Chinese,26
2024-05-05,Irish,73
2024-05-05,Japanese,67
2024-05-05,English,30
2024-05-05,Chinese,80
2024-05-05,Chinese,22
2024-05-05,Italian,25
2024-05-05,English,79
2024-05-05,Chinese,67
2024-05-05,English,27
2024-05-05,French,71
2024-05-05,Japanese,41
2024-05-05,Turkish,47
2024-05-05,Japanese,26
2024-05-05,Irish,57
2024-05-05,Italian,23
2024-05-05,English,12
2024-05-05,Turkish,23
2024-05-05,Irish,75
2024-05-05,German,42
2024-05-05,Spanish,35
2024-05-05,Irish,79
2024-05-05,Spanish,53
2024-05-05,Italian,48
2024-05-05,English,51
2024-05-05,Turkish,63
2024-05-05,Japanese,26
2024-05-05,French,61
2024-05-05,English,35
2024-05-05,French,61
2024-05-05,Italian,22
2024-05-05,American,60
2024-05-05,Turkish,63
2024-05-05,Irish,21
2024-05-05,German,72
2024-05-05,French,59
2024-05-05,French,63
2024-05-05,Irish,76
2024-05-05,English,50
2024-05-05,Turkish,78
2024-05-05,Spanish,54
2024-05-05,Spanish,49
2024-05-05,Chinese,49
2024-05-05,Chinese,49
2024-05-05,German,37
2024-05-05,Japanese,47
2024-05-05,Spanish,14
2024-05-05,Spanish,47
2024-05-05,French,15
2024-05-05,Japanese,31
2024-05-05,Italian,32
2024-05-05,French,40
2024-05-05,Irish,49
2024-05-05,Irish,39
2024-05-05,American,70
2024-05-05,American,54
2024-05-05,Irish,62
2024-05-05,Chinese,37
2024-05-05,English,23
2024-05-06,American,28
2024-05-06,Spanish,60
2024-05-06,Italian,13
2024-05-06,Chinese,26
2024-05-06,Irish,73
2024-05-06,Japanese,67
2024-05-06,English,30
2024-05-06,Chinese,80
2024-05-06,Chinese,22
2024-05-06,Italian,25
2024-05-06,English,79
2024-05-06,Chinese,67
2024-05-06,English,27
2024-05-06,French,71
2024-05-06,Japanese,41
2024-05-06,Turkish,47
2024-05-06,Japanese,26
2024-05-06,Irish,57
2024-05-06,English,12
2024-05-06,Turkish,23
2024-05-06,Irish,75
2024-05-06,German,42
2024-05-06,Spanish,35
2024-05-06,Irish,79
2024-05-06,Spanish,53
2024-05-06,Italian,48
2024-05-06,English,51
2024-05-06,Japanese,26
2024-05-06,French,61
2024-05-06,English,35
2024-05-06,French,61
2024-05-06,Italian,22
2024-05-06,American,60
2024-05-06,Turkish,63
2024-05-06,Irish,21
2024-05-06,German,72
2024-05-06,French,59
2024-05-06,French,63
2024-05-06,Irish,76
2024-05-06,English,50
2024-05-06,Turkish,78
2024-05-06,Spanish,54
2024-05-06,Spanish,49
2024-05-06,Chinese,49
2024-05-06,Chinese,49
2024-05-06,German,37
2024-05-06,Japanese,47
2024-05-06,Spanish,14
2024-05-06,Spanish,47
2024-05-06,French,15
2024-05-06,Japanese,31
2024-05-06,Italian,32
2024-05-06,French,40
2024-05-06,Irish,49
2024-05-06,Irish,39
2024-05-06,American,70
2024-05-06,American,54
2024-05-06,Irish,62
2024-05-06,Chinese,37
2024-05-06,English,23
2024-05-06,Turkish,61
2024-05-06,Japanese,73
2024-05-06,Spanish,61
2024-05-06,Italian,64
2024-05-06,French,30
2024-05-06,American,52
2024-05-06,German,26
2024-05-06,English,80
2024-05-07,American,28
2024-05-07,Italian,13
2024-05-07,Chinese,26
2024-05-07,Irish,73
2024-05-07,Japanese,67
2024-05-07,English,30
2024-05-07,Chinese,80
2024-05-07,Chinese,22
2024-05-07,Italian,25
2024-05-07,English,79
2024-05-07,Chinese,67
2024-05-07,English,27
2024-05-07,French,71
2024-05-07,Japanese,41
2024-05-07,Turkish,47
2024-05-07,Japanese,26
2024-05-07,Irish,57
2024-05-07,English,12
2024-05-07,Turkish,23
2024-05-07,Irish,75
2024-05-07,German,42
2024-05-07,Spanish,35
2024-05-07,Irish,79
2024-05-07,Italian,48
2024-05-07,English,51
2024-05-07,Japanese,26
2024-05-07,French,61
2024-05-07,English,35
2024-05-07,French,61
2024-05-07,Italian,22
2024-05-07,American,60
2024-05-07,Turkish,63
2024-05-07,Irish,21
2024-05-07,German,72
2024-05-07,French,59
2024-05-07,French,63
2024-05-07,Irish,76
2024-05-07,English,50
2024-05-07,Turkish,78
2024-05-07,Spanish,54
2024-05-07,Spanish,49
2024-05-07,Chinese,49
2024-05-07,Chinese,49
2024-05-07,German,37
2024-05-07,Japanese,47
2024-05-07,Spanish,14
2024-05-07,Spanish,47
2024-05-07,French,15
2024-05-07,Japanese,31
2024-05-07,Italian,32
2024-05-07,French,40
2024-05-07,Irish,49
2024-05-07,Irish,39
2024-05-07,American,70
2024-05-07,American,54
2024-05-07,Irish,62
2024-05-07,Chinese,37
2024-05-07,English,23
2024-05-07,Turkish,61
2024-05-07,Japanese,73
2024-05-07,Spanish,61
2024-05-07,Italian,64
2024-05-07,French,30
2024-05-07,American,52
2024-05-07,English,80
2024-05-07,Japanese,76
2024-05-07,Irish,55
2024-05-07,American,80
2024-05-07,German,32
2024-05-07,American,44
2024-05-07,Japanese,16
2024-05-08,American,28
2024-05-08,Italian,13
2024-05-08,Chinese,26
2024-05-08,Irish,73
2024-05-08,Japanese,67
2024-05-08,English,30
2024-05-08,Chinese,80
2024-05-08,Chinese,22
2024-05-08,Italian,25
2024-05-08,English,79
2024-05-08,Chinese,67
2024-05-08,English,27
2024-05-08,French,71
2024-05-08,Japanese,41
2024-05-08,Turkish,47
2024-05-08,Japanese,26
2024-05-08,Irish,57
2024-05-08,English,12
2024-05-08,Turkish,23
2024-05-08,Irish,75
2024-05-08,German,42
2024-05-08,Spanish,35
2024-05-08,Irish,79
2024-05-08,Italian,48
2024-05-08,English,51
2024-05-08,Japanese,26
2024-05-08,French,61
2024-05-08,English,35
2024-05-08,French,61
2024-05-08,Italian,22
2024-05-08,American,60
2024-05-08,Turkish,63
2024-05-08,Irish,21
2024-05-08,German,72
2024-05-08,French,59
2024-05-08,French,63
2024-05-08,Irish,76
2024-05-08,English,50
2024-05-08,Turkish,78
2024-05-08,Spanish,54
2024-05-08,Spanish,49
2024-05-08,Chinese,49
2024-05-08,Chinese,49
2024-05-08,German,37
2024-05-08,Japanese,47
2024-05-08,Spanish,14
2024-05-08,French,15
2024-05-08,Japanese,31
2024-05-08,Italian,32
2024-05-08,French,40
2024-05-08,Irish,49
2024-05-08,Irish,39
2024-05-08,American,70
2024-05-08,American,54
2024-05-08,Irish,62
2024-05-08,Chinese,37
2024-05-08,Turkish,61
2024-05-08,Japanese,73
2024-05-08,Spanish,61
2024-05-08,Italian,64
2024-05-08,French,30
2024-05-08,American,52
2024-05-08,English,80
2024-05-08,Japanese,76
2024-05-08,Irish,55
2024-05-08,American,80
2024-05-08,German,32
2024-05-08,American,44
2024-05-08,Japanese,16
2024-05-08,German,63
2024-05-08,Chinese,46
2024-05-08,French,78
2024-05-09,American,28
2024-05-09,Italian,13
2024-05-09,Chinese,26
2024-05-09,Irish,73
2024-05-09,Japanese,67
2024-05-09,English,30
2024-05-09,Chinese,80
2024-05-09,Chinese,22
2024-05-09,Italian,25
2024-05-09,English,79
2024-05-09,Chinese,67
2024-05-09,English,27
2024-05-09,French,71
2024-05-09,Japanese,41
2024-05-09,Turkish,47
2024-05-09,Japanese,26
2024-05-09,Irish,57
2024-05-09,English,12
2024-05-09,Turkish,23
2024-05-09,Irish,75
2024-05-09,German,42
2024-05-09,Spanish,35
2024-05-09,Italian,48
2024-05-09,English,51
2024-05-09,Japanese,26
2024-05-09,French,61
2024-05-09,English,35
2024-05-09,French,61
2024-05-09,Italian,22
2024-05-09,American,60
2024-05-09,Turkish,63
2024-05-09,Irish,21
2024-05-09,German,72
2024-05-09,French,59
2024-05-09,French,63
2024-05-09,Irish,76
2024-05-09,English,50
2024-05-09,Turkish,78
2024-05-09,Spanish,54
2024-05-09,Spanish,49
2024-05-09,Chinese,49
2024-05-09,Chinese,49
2024-05-09,German,37
2024-05-09,Japanese,47
2024-05-09,Spanish,14
2024-05-09,French,15
2024-05-09,Japanese,31
2024-05-09,Italian,32
2024-05-09,French,40
2024-05-09,Irish,49
2024-05-09,Irish,39
2024-05-09,American,70
2024-05-09,American,54
2024-05-09,Irish,62
2024-05-09,Chinese,37
2024-05-09,Turkish,61
2024-05-09,Japanese,73
2024-05-09,Spanish,61
2024-05-09,Italian,64
2024-05-09,French,30
2024-05-09,English,80
2024-05-09,Japanese,76
2024-05-09,Irish,55
2024-05-09,American,80
2024-05-09,German,32
2024-05-09,Japanese,16
2024-05-09,German,63
2024-05-09,Chinese,46
2024-05-09,French,78
2024-05-09,Italian,52
2024-05-09,American,55
2024-05-10,American,28
2024-05-10,Italian,13
2024-05-10,Chinese,26
2024-05-10,Irish,73
2024-05-10,Japanese,67
2024-05-10,English,30
2024-05-10,Chinese,80
2024-05-10,Italian,25
2024-05-10,English,79
2024-05-10,Chinese,67
2024-05-10,English,27
2024-05-10,French,71
2024-05-10,Japanese,41
2024-05-10,Turkish,47
2024-05-10,Japanese,26
2024-05-10,Irish,57
2024-05-10,English,12
2024-05-10,Turkish,23
2024-05-10,Irish,75
2024-05-10,German,42
2024-05-10,Spanish,35
2024-05-10,Italian,48
2024-05-10,Japanese,26
2024-05-10,French,61
2024-05-10,English,35
2024-05-10,French,61
2024-05-10,Italian,22
2024-05-10,American,60
2024-05-10,Turkish,63
2024-05-10,Irish,21
2024-05-10,German,72
2024-05-10,French,63
2024-05-10,Irish,76
2024-05-10,English,50
2024-05-10,Turkish,78
2024-05-10,Spanish,54
2024-05-10,Spanish,49
2024-05-10,Chinese,49
2024-05-10,Chinese,49
2024-05-10,German,37
2024-05-10,Japanese,47
2024-05-10,Spanish,14
2024-05-10,French,15
2024-05-10,Japanese,31
2024-05-10,Italian,32
2024-05-10,French,40
2024-05-10,Irish,49
2024-05-10,Irish,39
2024-05-10,American,70
2024-05-10,American,54
2024-05-10,Irish,62
2024-05-10,Chinese,37
2024-05-10,Turkish,61
2024-05-10,Japanese,73
2024-05-10,Italian,64
2024-05-10,French,30
2024-05-10,English,80
2024-05-10,Japanese,76
2024-05-10,Irish,55
2024-05-10,American,80
2024-05-10,German,32
2024-05-10,Japanese,16
2024-05-10,German,63
2024-05-10,Chinese,46
2024-05-10,French,78
2024-05-10,Italian,52
2024-05-10,American,55
2024-05-10,English,50
2024-05-10,French,35
2024-05-10,American,45
2024-05-10,American,35
2024-05-10,Italian,10
2024-05-10,German,55
2024-05-10,French,75
2024-05-10,Spanish,35
2024-05-10,English,24
2024-05-10,Spanish,16
2024-05-11,American,28
2024-05-11,Italian,13
2024-05-11,Irish,73
2024-05-11,Japanese,67
2024-05-11,English,30
2024-05-11,Chinese,80
2024-05-11,Italian,25
2024-05-11,English,79
2024-05-11,Chinese,67
2024-05-11,English,27
2024-05-11,French,71
2024-05-11,Japanese,41
2024-05-11,Turkish,47
2024-05-11,Japanese,26
2024-05-11,Irish,57
2024-05-11,English,12
2024-05-11,Turkish,23
2024-05-11,Irish,75
2024-05-11,German,42
2024-05-11,Spanish,35
2024-05-11,Italian,48
2024-05-11,Japanese,26
2024-05-11,French,61
2024-05-11,English,35
2024-05-11,French,61
2024-05-11,Italian,22
2024-05-11,American,60
2024-05-11,Turkish,63
2024-05-11,Irish,21
2024-05-11,German,72
2024-05-11,French,63
2024-05-11,Irish,76
2024-05-11,English,50
2024-05-11,Turkish,78
2024-05-11,Spanish,54
2024-05-11,Spanish,49
2024-05-11,Chinese,49
2024-05-11,Chinese,49
2024-05-11,German,37
2024-05-11,Japanese,47
2024-05-11,Spanish,14
2024-05-11,French,15
2024-05-11,Japanese,31
2024-05-11,Italian,32
2024-05-11,French,40
2024-05-11,Irish,49
2024-05-11,Irish,39
2024-05-11,American,70
2024-05-11,American,54
2024-05-11,Irish,62
2024-05-11,Chinese,37
2024-05-11,Turkish,61
2024-05-11,Japanese,73
2024-05-11,Italian,64
2024-05-11,French,30
2024-05-11,English,80
2024-05-11,Japanese,76
2024-05-11,Irish,55
2024-05-11,American,80
2024-05-11,German,32
2024-05-11,Japanese,16
2024-05-11,German,63
2024-05-11,Chinese,46
2024-05-11,French,78
2024-05-11,Italian,52
2024-05-11,American,55
2024-05-11,English,50
2024-05-11,French,35
2024-05-11,American,45
2024-05-11,American,35
2024-05-11,Italian,10
2024-05-11,German,55
2024-05-11,French,75
2024-05-11,Spanish,35
2024-05-11,English,24
2024-05-11,Spanish,16
2024-05-11,Irish,68
2024-05-11,English,73
2024-05-11,Irish,49
2024-05-11,Turkish,35
2024-05-11,English,63
2024-05-11,English,33
2024-05-11,French,56
2024-05-11,American,39
2024-05-12,American,28
2024-05-12,Irish,73
2024-05-12,Japanese,67
2024-05-12,English,30
2024-05-12,Chinese,80
2024-05-12,Italian,25
2024-05-12,English,79
2024-05-12,Chinese,67
2024-05-12,English,27
2024-05-12,French,71
2024-05-12,Japanese,41
2024-05-12,Turkish,47
2024-05-12,Japanese,26
2024-05-12,Irish,57
2024-05-12,English,12
2024-05-12,Turkish,23
2024-05-12,Irish,75
2024-05-12,German,42
2024-05-12,Spanish,35
2024-05-12,Italian,48
2024-05-12,Japanese,26
2024-05-12,French,61
2024-05-12,English,35
2024-05-12,French,61
2024-05-12,Italian,22
2024-05-12,American,60
2024-05-12,Turkish,63
2024-05-12,Irish,21
2024-05-12,German,72
2024-05-12,Irish,76
2024-05-12,Turkish,78
2024-05-12,Spanish,54
2024-05-12,Spanish,49
2024-05-12,Chinese,49
2024-05-12,Chinese,49
2024-05-12,German,37
2024-05-12,Japanese,47
2024-05-12,Spanish,14
2024-05-12,French,15
2024-05-12,Japanese,31
2024-05-12,Italian,32
2024-05-12,French,40
2024-05-12,Irish,49
2024-05-12,Irish,39
2024-05-12,American,70
2024-05-12,American,54
2024-05-12,Irish,62
2024-05-12,Chinese,37
2024-05-12,Turkish,61
2024-05-12,Japanese,73
2024-05-12,Italian,64
2024-05-12,French,30
2024-05-12,English,80
2024-05-12,Japanese,76
2024-05-12,Irish,55
2024-05-12,American,80
2024-05-12,German,32
2024-05-12,Japanese,16
2024-05-12,German,63
2024-05-12,Chinese,46
2024-05-12,French,78
2024-05-12,Italian,52
2024-05-12,American,55
2024-05-12,English,50
2024-05-12,French,35
2024-05-12,American,45
2024-05-12,American,35
2024-05-12,Italian,10
2024-05-12,German,55
2024-05-12,French,75
2024-05-12,Spanish,35
2024-05-12,English,24
2024-05-12,Spanish,16
2024-05-12,Irish,68
2024-05-12,Irish,49
2024-05-12,Turkish,35
2024-05-12,English,63
2024-05-12,English,33
2024-05-12,French,56
2024-05-12,American,39
2024-05-12,Japanese,77
2024-05-12,Japanese,41
2024-05-12,English,80
2024-05-13,American,28
2024-05-13,Irish,73
2024-05-13,Japanese,67
2024-05-13,English,30
2024-05-13,Chinese,80
2024-05-13,Italian,25
2024-05-13,English,79
2024-05-13,Chinese,67
2024-05-13,English,27
2024-05-13,Japanese,41
2024-05-13,Turkish,47
2024-05-13,Japanese,26
2024-05-13,Irish,57
2024-05-13,English,12
2024-05-13,Turkish,23
2024-05-13,Irish,75
2024-05-13,German,42
2024-05-13,Spanish,35
2024-05-13,Italian,48
2024-05-13,Japanese,26
2024-05-13,French,61
2024-05-13,French,61
2024-05-13,Italian,22
2024-05-13,American,60
2024-05-13,Turkish,63
2024-05-13,Irish,21
2024-05-13,German,72
2024-05-13,Irish,76
2024-05-13,Turkish,78
2024-05-13,Spanish,54
2024-05-13,Spanish,49
2024-05-13,Chinese,49
2024-05-13,Chinese,49
2024-05-13,German,37
2024-05-13,Spanish,14
2024-05-13,French,15
2024-05-13,Japanese,31
2024-05-13,Italian,32
2024-05-13,French,40
2024-05-13,Irish,49
2024-05-13,Irish,39
2024-05-13,American,70
2024-05-13,American,54
2024-05-13,Irish,62
2024-05-13,Chinese,37
2024-05-13,Turkish,61
2024-05-13,Japanese,73
2024-05-13,Italian,64
2024-05-13,French,30
2024-05-13,English,80
2024-05-13,Japanese,76
2024-05-13,Irish,55
2024-05-13,American,80
2024-05-13,German,32
2024-05-13,Japanese,16
2024-05-13,German,63
2024-05-13,Chinese,46
2024-05-13,French,78
2024-05-13,Italian,52
2024-05-13,American,55
2024-05-13,English,50
2024-05-13,French,35
2024-05-13,American,45
2024-05-13,American,35
2024-05-13,Italian,10
2024-05-13,German,55
2024-05-13,French,75
2024-05-13,Spanish,35
2024-05-13,English,24
2024-05-13,Spanish,16
2024-05-13,Irish,68
2024-05-13,Irish,49
2024-05-13,Turkish,35
2024-05-13,English,63
2024-05-13,English,33
2024-05-13,Japanese,77
2024-05-13,Japanese,41
2024-05-13,English,80
2024-05-13,Chinese,61
2024-05-13,French,18
2024-05-13,Chinese,19
2024-05-14,American,28
2024-05-14,Irish,73
2024-05-14,Japanese,67
2024-05-14,English,30
2024-05-14,Chinese,80
2024-05-14,Italian,25
2024-05-14,English,79
2024-05-14,Chinese,67
2024-05-14,English,27
2024-05-14,Japanese,41
2024-05-14,Turkish,47
2024-05-14,Japanese,26
2024-05-14,Irish,57
2024-05-14,English,12
2024-05-14,Turkish,23
2024-05-14,Irish,75
2024-05-14,German,42
2024-05-14,Spanish,35
2024-05-14,Italian,48
2024-05-14,Japanese,26
2024-05-14,French,61
2024-05-14,French,61
2024-05-14,Italian,22
2024-05-14,American,60
2024-05-14,Turkish,63
2024-05-14,Irish,21
2024-05-14,German,72
2024-05-14,Irish,76
2024-05-14,Turkish,78
2024-05-14,Spanish,49
2024-05-14,Chinese,49
2024-05-14,Chinese,49
2024-05-14,German,37
2024-05-14,French,15
2024-05-14,Japanese,31
2024-05-14,Italian,32
2024-05-14,French,40
2024-05-14,Irish,49
2024-05-14,Irish,39
2024-05-14,American,70
2024-05-14,American,54
2024-05-14,Irish,62
2024-05-14,Chinese,37
2024-05-14,Turkish,61
2024-05-14,Japanese,73
2024-05-14,Italian,64
2024-05-14,French,30
2024-05-14,English,80
2024-05-14,Japanese,76
2024-05-14,Irish,55
2024-05-14,American,80
2024-05-14,German,32
2024-05-14,Japanese,16
2024-05-14,German,63
2024-05-14,Chinese,46
2024-05-14,French,78
2024-05-14,Italian,52
2024-05-14,American,55
2024-05-14,English,50
2024-05-14,French,35
2024-05-14,American,45
2024-05-14,American,35
2024-05-14,Italian,10
2024-05-14,German,55
2024-05-14,French,75
2024-05-14,Spanish,35
2024-05-14,English,24
2024-05-14,Spanish,16
2024-05-14,Irish,68
2024-05-14,Irish,49
2024-05-14,Turkish,35
2024-05-14,English,63
2024-05-14,English,33
2024-05-14,Japanese,41
2024-05-14,English,80
2024-05-14,Chinese,61
2024-05-14,French,18
2024-05-14,Chinese,19
2024-05-14,Italian,34
2024-05-14,English,62
2024-05-14,Turkish,62
2024-05-14,Irish,41
2024-05-15,American,28
2024-05-15,Irish,73
2024-05-15,Japanese,67
2024-05-15,English,30
2024-05-15,Chinese,80
2024-05-15,Italian,25
2024-05-15,English,79
2024-05-15,Chinese,67
2024-05-15,English,27
2024-05-15,Japanese,41
2024-05-15,Turkish,47
2024-05-15,Japanese,26
2024-05-15,Irish,57
2024-05-15,English,12
2024-05-15,Turkish,23
2024-05-15,Irish,75
2024-05-15,German,42
2024-05-15,Spanish,35
2024-05-15,Italian,48
2024-05-15,Japanese,26
2024-05-15,French,61
2024-05-15,French,61
2024-05-15,Italian,22
2024-05-15,American,60
2024-05-15,Turkish,63
2024-05-15,Irish,21
2024-05-15,German,72
2024-05-15,Irish,76
2024-05-15,Turkish,78
2024-05-15,Spanish,49
2024-05-15,Chinese,49
2024-05-15,Chinese,49
2024-05-15,German,37
2024-05-15,French,15
2024-05-15,Japanese,31
2024-05-15,Italian,32
2024-05-15,French,40
2024-05-15,Irish,49
2024-05-15,Irish,39
2024-05-15,American,70
2024-05-15,American,54
2024-05-15,Irish,62
2024-05-15,Chinese,37
2024-05-15,Turkish,61
2024-05-15,Japanese,73
2024-05-15,Italian,64
2024-05-15,French,30
2024-05-15,English,80
2024-05-15,Japanese,76
2024-05-15,Irish,55
2024-05-15,American,80
2024-05-15,German,32
2024-05-15,Japanese,16
2024-05-15,German,63
2024-05-15,Chinese,46
2024-05-15,French,78
2024-05-15,Italian,52
2024-05-15,American,55
2024-05-15,English,50
2024-05-15,French,35
2024-05-15,American,45
2024-05-15,American,35
2024-05-15,Italian,10
2024-05-15,German,55
2024-05-15,French,75
2024-05-15,Spanish,35
2024-05-15,English,24
2024-05-15,Spanish,16
2024-05-15,Irish,68
2024-05-15,Irish,49
2024-05-15,Turkish,35
2024-05-15,English,63
2024-05-15,English,33
2024-05-15,Japanese,41
2024-05-15,English,80
2024-05-15,Chinese,61
2024-05-15,French,18
2024-05-15,Chinese,19
2024-05-15,Italian,34
2024-05-15,English,62
2024-05-15,English,46
2024-05-15,Chinese,15
2024-05-15,Turkish,72
2024-05-15,Spanish,29
2024-05-16,American,28
2024-05-16,Irish,73
2024-05-16,Japanese,67
2024-05-16,English,30
2024-05-16,Chinese,80
2024-05-16,Italian,25
2024-05-16,English,79
2024-05-16,Chinese,67
2024-05-16,English,27
2024-05-16,Japanese,41
2024-05-16,Turkish,47
2024-05-16,Japanese,26
2024-05-16,Irish,57
2024-05-16,English,12
2024-05-16,Turkish,23
2024-05-16,Irish,75
2024-05-16,German,42
2024-05-16,Spanish,35
2024-05-16,Italian,48
2024-05-16,Japanese,26
2024-05-16,French,61
2024-05-16,French,61
2024-05-16,Italian,22
2024-05-16,American,60
2024-05-16,Turkish,63
2024-05-16,Irish,21
2024-05-16,German,72
2024-05-16,Irish,76
2024-05-16,Turkish,78
2024-05-16,Spanish,49
2024-05-16,Chinese,49
2024-05-16,Chinese,49
2024-05-16,German,37
2024-05-16,French,15
2024-05-16,Japanese,31
2024-05-16,Italian,32
2024-05-16,French,40
2024-05-16,Irish,49
2024-05-16,Irish,39
2024-05-16,American,70
2024-05-16,American,54
2024-05-16,Irish,62
2024-05-16,Chinese,37
2024-05-16,Turkish,61
2024-05-16,Japanese,73
2024-05-16,Italian,64
2024-05-16,French,30
2024-05-16,English,80
2024-05-16,Japanese,76
2024-05-16,Irish,55
2024-05-16,American,80
2024-05-16,German,32
2024-05-16,Japanese,16
2024-05-16,German,63
2024-05-16,Chinese,46
2024-05-16,French,78
2024-05-16,Italian,52
2024-05-16,American,55
2024-05-16,English,50
2024-05-16,French,35
2024-05-16,American,45
2024-05-16,American,35
2024-05-16,Italian,10
2024-05-16,German,55
2024-05-16,French,75
2024-05-16,Spanish,35
2024-05-16,English,24
2024-05-16,Spanish,16
2024-05-16,Irish,68
2024-05-16,Irish,49
2024-05-16,Turkish,35
2024-05-16,English,63
2024-05-16,English,33
2024-05-16,Japanese,41
2024-05-16,English,80
2024-05-16,Chinese,61
2024-05-16,French,18
2024-05-16,Italian,34
2024-05-16,English,62
2024-05-16,English,46
2024-05-16,Chinese,15
2024-05-16,Turkish,72
2024-05-16,Spanish,29
2024-05-16,American,20
2024-05-16,Japanese,23
2024-05-17,American,28
2024-05-17,Irish,73
2024-05-17,Japanese,67
2024-05-17,English,30
2024-05-17,Chinese,80
2024-05-17,Italian,25
2024-05-17,English,79
2024-05-17,Chinese,67
2024-05-17,English,27
2024-05-17,Japanese,41
2024-05-17,Turkish,47
2024-05-17,Japanese,26
2024-05-17,Irish,57
2024-05-17,English,12
2024-05-17,Turkish,23
2024-05-17,Irish,75
2024-05-17,Spanish,35
2024-05-17,Italian,48
2024-05-17,Japanese,26
2024-05-17,French,61
2024-05-17,French,61
2024-05-17,Italian,22
2024-05-17,Turkish,63
2024-05-17,Irish,21
2024-05-17,German,72
2024-05-17,Irish,76
2024-05-17,Turkish,78
2024-05-17,Spanish,49
2024-05-17,Chinese,49
2024-05-17,German,37
2024-05-17,French,15
2024-05-17,Japanese,31
2024-05-17,Italian,32
2024-05-17,French,40
2024-05-17,Irish,49
2024-05-17,Irish,39
2024-05-17,American,70
2024-05-17,American,54
2024-05-17,Irish,62
2024-05-17,Chinese,37
2024-05-17,Turkish,61
2024-05-17,Japanese,73
2024-05-17,Italian,64
2024-05-17,French,30
2024-05-17,English,80
2024-05-17,Japanese,76
2024-05-17,Irish,55
2024-05-17,American,80
2024-05-17,German,32
2024-05-17,Japanese,16
2024-05-17,German,63
2024-05-17,Chinese,46
2024-05-17,French,78
2024-05-17,Italian,52
2024-05-17,American,55
2024-05-17,English,50
2024-05-17,French,35
2024-05-17,American,45
2024-05-17,American,35
2024-05-17,Italian,10
2024-05-17,German,55
2024-05-17,French,75
2024-05-17,Spanish,35
2024-05-17,English,24
2024-05-17,Spanish,16
2024-05-17,Irish,68
2024-05-17,Irish,49
2024-05-17,Turkish,35
2024-05-17,English,63
2024-05-17,English,33
2024-05-17,Japanese,41
2024-05-17,English,80
2024-05-17,Chinese,61
2024-05-17,French,18
2024-05-17,Italian,34
2024-05-17,English,62
2024-05-17,English,46
2024-05-17,Chinese,15
2024-05-17,Turkish,72
2024-05-17,Spanish,29
2024-05-17,American,20
2024-05-17,Japanese,23
2024-05-17,French,60
2024-05-17,Chinese,14
2024-05-17,Chinese,11
2024-05-17,French,32
2024-05-18,American,28
2024-05-18,Irish,73
2024-05-18,Japanese,67
2024-05-18,English,30
2024-05-18,Chinese,80
2024-05-18,Italian,25
2024-05-18,Chinese,67
2024-05-18,English,27
2024-05-18,Japanese,41
2024-05-18,Turkish,47
2024-05-18,Japanese,26
2024-05-18,Irish,57
2024-05-18,English,12
2024-05-18,Turkish,23
2024-05-18,Irish,75
2024-05-18,Spanish,35
2024-05-18,Italian,48
2024-05-18,Japanese,26
2024-05-18,French,61
2024-05-18,French,61
2024-05-18,Italian,22
2024-05-18,Turkish,63
2024-05-18,Irish,21
2024-05-18,German,72
2024-05-18,Irish,76
2024-05-18,Turkish,78
2024-05-18,Spanish,49
2024-05-18,Chinese,49
2024-05-18,German,37
2024-05-18,French,15
2024-05-18,Japanese,31
2024-05-18,Italian,32
2024-05-18,French,40
2024-05-18,Irish,39
2024-05-18,American,70
2024-05-18,American,54
2024-05-18,Irish,62
2024-05-18,Chinese,37
2024-05-18,Turkish,61
2024-05-18,Japanese,73
2024-05-18,Italian,64
2024-05-18,French,30
2024-05-18,English,80
2024-05-18,Japanese,76
2024-05-18,Irish,55
2024-05-18,American,80
2024-05-18,Japanese,16
2024-05-18,German,63
2024-05-18,Chinese,46
2024-05-18,French,78
2024-05-18,Italian,52
2024-05-18,American,55
2024-05-18,English,50
2024-05-18,French,35
2024-05-18,American,45
2024-05-18,American,35
2024-05-18,Italian,10
2024-05-18,German,55
2024-05-18,French,75
2024-05-18,Spanish,35
2024-05-18,English,24
2024-05-18,Spanish,16
2024-05-18,Irish,68
2024-05-18,Irish,49
2024-05-18,Turkish,35
2024-05-18,English,63
2024-05-18,English,33
2024-05-18,Japanese,41
2024-05-18,English,80
2024-05-18,Chinese,61
2024-05-18,French,18
2024-05-18,Italian,34
2024-05-18,English,62
2024-05-18,English,46
2024-05-18,Chinese,15
2024-05-18,Turkish,72
2024-05-18,Spanish,29
2024-05-18,American,20
2024-05-18,Japanese,23
2024-05-18,French,60
2024-05-18,Chinese,14
2024-05-18,Chinese,11
2024-05-18,French,32
2024-05-18,Chinese,67
2024-05-18,German,58
2024-05-18,American,25
2024-05-18,American,25
2024-05-18,Turkish,23
2024-05-18,Irish,13
2024-05-18,French,14
2024-05-18,French,37
2024-05-18,Irish,64
2024-05-18,Turkish,21
2024-05-19,American,28
2024-05-19,Irish,73
2024-05-19,English,30
2024-05-19,Chinese,80
2024-05-19,Italian,25
2024-05-19,Chinese,67
2024-05-19,English,27
2024-05-19,Japanese,41
2024-05-19,Turkish,47
2024-05-19,Japanese,26
2024-05-19,Irish,57
2024-05-19,English,12
2024-05-19,Turkish,23
2024-05-19,Irish,75
2024-05-19,Spanish,35
2024-05-19,Italian,48
2024-05-19,Japanese,26
2024-05-19,French,61
2024-05-19,French,61
2024-05-19,Italian,22
2024-05-19,Turkish,63
2024-05-19,Irish,21
2024-05-19,German,72
2024-05-19,Irish,76
2024-05-19,Turkish,78
2024-05-19,Spanish,49
2024-05-19,Chinese,49
2024-05-19,German,37
2024-05-19,French,15
2024-05-19,Japanese,31
2024-05-19,Italian,32
2024-05-19,French,40
2024-05-19,Irish,39
2024-05-19,American,70
2024-05-19,American,54
2024-05-19,Irish,62
2024-05-19,Chinese,37
2024-05-19,Turkish,61
2024-05-19,Japanese,73
2024-05-19,Italian,64
2024-05-19,French,30
2024-05-19,English,80
2024-05-19,Japanese,76
2024-05-19,Irish,55
2024-05-19,American,80
2024-05-19,Japanese,16
2024-05-19,German,63
2024-05-19,French,78
2024-05-19,Italian,52
2024-05-19,American,55
2024-05-19,English,50
2024-05-19,French,35
2024-05-19,American,45
2024-05-19,American,35
2024-05-19,German,55
2024-05-19,French,75
2024-05-19,Spanish,35
2024-05-19,English,24
2024-05-19,Spanish,16
2024-05-19,Irish,68
2024-05-19,Irish,49
2024-05-19,Turkish,35
2024-05-19,English,63
2024-05-19,English,33
2024-05-19,Japanese,41
2024-05-19,English,80
2024-05-19,Chinese,61
2024-05-19,French,18
2024-05-19,Italian,34
2024-05-19,English,62
2024-05-19,English,46
2024-05-19,Chinese,15
2024-05-19,Turkish,72
2024-05-19,Spanish,29
2024-05-19,American,20
2024-05-19,Japanese,23
2024-05-19,French,60
2024-05-19,Chinese,14
2024-05-19,Chinese,11
2024-05-19,French,32
2024-05-19,Chinese,67
2024-05-19,German,58
2024-05-19,American,25
2024-05-19,American,25
2024-05-19,Turkish,23
2024-05-19,Irish,13
2024-05-19,French,14
2024-05-19,French,37
2024-05-19,Irish,64
2024-05-19,Turkish,21
2024-05-19,French,74
2024-05-19,Irish,20
2024-05-19,French,75
2024-05-20,American,28
2024-05-20,Irish,73
2024-05-20,English,30
2024-05-20,Chinese,80
2024-05-20,Italian,25
2024-05-20,Chinese,67
2024-05-20,English,27
2024-05-20,Japanese,41
2024-05-20,Turkish,47
2024-05-20,Japanese,26
2024-05-20,Irish,57
2024-05-20,English,12
2024-05-20,Turkish,23
2024-05-20,Irish,75
2024-05-20,Spanish,35
2024-05-20,Italian,48
2024-05-20,Japanese,26
2024-05-20,French,61
2024-05-20,French,61
2024-05-20,Italian,22
2024-05-20,Turkish,63
2024-05-20,Irish,21
2024-05-20,German,72
2024-05-20,Irish,76
2024-05-20,Turkish,78
2024-05-20,Spanish,49
2024-05-20,Chinese,49
2024-05-20,German,37
2024-05-20,French,15
2024-05-20,Japanese,31
2024-05-20,Italian,32
2024-05-20,French,40
2024-05-20,Irish,39
2024-05-20,American,70
2024-05-20,American,54
2024-05-20,Irish,62
2024-05-20,Chinese,37
2024-05-20,Turkish,61
2024-05-20,Japanese,73
2024-05-20,Italian,64
2024-05-20,French,30
2024-05-20,English,80
2024-05-20,Japanese,76
2024-05-20,Irish,55
2024-05-20,American,80
2024-05-20,Japanese,16
2024-05-20,German,63
2024-05-20,French,78
2024-05-20,Italian,52
2024-05-20,American,55
2024-05-20,English,50
2024-05-20,French,35
2024-05-20,American,45
2024-05-20,American,35
2024-05-20,German,55
2024-05-20,French,75
2024-05-20,Spanish,35
2024-05-20,English,24
2024-05-20,Spanish,16
2024-05-20,Irish,68
2024-05-20,Irish,49
2024-05-20,Turkish,35
2024-05-20,English,63
2024-05-20,English,33
2024-05-20,Japanese,41
2024-05-20,English,80
2024-05-20,Chinese,61
2024-05-20,French,18
2024-05-20,Italian,34
2024-05-20,English,62
2024-05-20,English,46
2024-05-20,Chinese,15
2024-05-20,Turkish,72
2024-05-20,Spanish,29
2024-05-20,American,20
2024-05-20,Japanese,23
2024-05-20,French,60
2024-05-20,Chinese,14
2024-05-20,Chinese,11
2024-05-20,French,32
2024-05-20,Chinese,67
2024-05-20,German,58
2024-05-20,American,25
2024-05-20,American,25
2024-05-20,Irish,13
2024-05-20,French,14
2024-05-20,French,37
2024-05-20,Irish,64
2024-05-20,Turkish,21
2024-05-20,French,74
2024-05-20,Irish,20
2024-05-20,French,75
2024-05-20,American,49
2024-05-20,Chinese,64
2024-05-20,Chinese,12
2024-05-21,American,28
2024-05-21,Irish,73
2024-05-21,English,30
2024-05-21,Chinese,80
2024-05-21,Italian,25
2024-05-21,Chinese,67
2024-05-21,English,27
2024-05-21,Japanese,41
2024-05-21,Turkish,47
2024-05-21,Japanese,26
2024-05-21,Irish,57
2024-05-21,English,12
2024-05-21,Turkish,23
2024-05-21,Irish,75
2024-05-21,Spanish,35
2024-05-21,Italian,48
2024-05-21,Japanese,26
2024-05-21,French,61
2024-05-21,French,61
2024-05-21,Italian,22
2024-05-21,Turkish,63
2024-05-21,Irish,21
2024-05-21,German,72
2024-05-21,Irish,76
2024-05-21,Turkish,78
2024-05-21,Spanish,49
2024-05-21,Chinese,49
2024-05-21,German,37
2024-05-21,French,15
2024-05-21,Japanese,31
2024-05-21,Italian,32
2024-05-21,French,40
2024-05-21,Irish,39
2024-05-21,American,70
2024-05-21,American,54
2024-05-21,Irish,62
2024-05-21,Chinese,37
2024-05-21,Turkish,61
2024-05-21,Japanese,73
2024-05-21,Italian,64
2024-05-21,French,30
2024-05-21,English,80
2024-05-21,Japanese,76
2024-05-21,Irish,55
2024-05-21,American,80
2024-05-21,Japanese,16
2024-05-21,German,63
2024-05-21,French,78
2024-05-21,Italian,52
2024-05-21,American,55
2024-05-21,English,50
2024-05-21,French,35
2024-05-21,American,45
2024-05-21,American,35
2024-05-21,German,55
2024-05-21,French,75
2024-05-21,Spanish,35
2024-05-21,English,24
2024-05-21,Spanish,16
2024-05-21,Irish,68
2024-05-21,Irish,49
2024-05-21,Turkish,35
2024-05-21,English,63
2024-05-21,English,33
2024-05-21,Japanese,41
2024-05-21,English,80
2024-05-21,Chinese,61
2024-05-21,French,18
2024-05-21,English,62
2024-05-21,English,46
2024-05-21,Chinese,15
2024-05-21,Turkish,72
2024-05-21,Spanish,29
2024-05-21,American,20
2024-05-21,Japanese,23
2024-05-21,French,60
2024-05-21,Chinese,14
2024-05-21,Chinese,11
2024-05-21,French,32
2024-05-21,Chinese,67
2024-05-21,German,58
2024-05-21,American,25
2024-05-21,American,25
2024-05-21,Irish,13
2024-05-21,French,14
2024-05-21,French,37
2024-05-21,Irish,64
2024-05-21,Turkish,21
2024-05-21,French,74
2024-05-21,Irish,20
2024-05-21,French,75
2024-05-21,American,49
2024-05-21,Chinese,64
2024-05-21,Chinese,12
2024-05-21,English,51
2024-05-21,Chinese,14
2024-05-21,Chinese,79
2024-05-22,American,28
2024-05-22,Irish,73
2024-05-22,English,30
2024-05-22,Chinese,80
2024-05-22,Italian,25
2024-05-22,Chinese,67
2024-05-22,English,27
2024-05-22,Japanese,41
2024-05-22,Turkish,47
2024-05-22,Japanese,26
2024-05-22,Irish,57
2024-05-22,English,12
2024-05-22,Turkish,23
2024-05-22,Irish,75
2024-05-22,Spanish,35
2024-05-22,Italian,48
2024-05-22,Japanese,26
2024-05-22,French,61
2024-05-22,French,61
2024-05-22,Turkish,63
2024-05-22,Irish,21
2024-05-22,German,72
2024-05-22,Irish,76
2024-05-22,Spanish,49
2024-05-22,Chinese,49
2024-05-22,German,37
2024-05-22,French,15
2024-05-22,Japanese,31
2024-05-22,Italian,32
2024-05-22,French,40
2024-05-22,Irish,39
2024-05-22,American,70
2024-05-22,American,54
2024-05-22,Irish,62
2024-05-22,Chinese,37
2024-05-22,Turkish,61
2024-05-22,Japanese,73
2024-05-22,Italian,64
2024-05-22,French,30
2024-05-22,English,80
2024-05-22,Japanese,76
2024-05-22,Irish,55
2024-05-22,American,80
2024-05-22,Japanese,16
2024-05-22,German,63
2024-05-22,French,78
2024-05-22,Italian,52
2024-05-22,American,55
2024-05-22,English,50
2024-05-22,French,35
2024-05-22,American,45
2024-05-22,American,35
2024-05-22,German,55
2024-05-22,French,75
2024-05-22,Spanish,35
2024-05-22,English,24
2024-05-22,Spanish,16
2024-05-22,Irish,68
2024-05-22,Irish,49
2024-05-22,Turkish,35
2024-05-22,English,63
2024-05-22,English,33
2024-05-22,Japanese,41
2024-05-22,Chinese,61
2024-05-22,French,18
2024-05-22,English,62
2024-05-22,English,46
2024-05-22,Turkish,72
2024-05-22,Spanish,29
2024-05-22,American,20
2024-05-22,Japanese,23
2024-05-22,French,60
2024-05-22,Chinese,14
2024-05-22,Chinese,11
2024-05-22,French,32
2024-05-22,Chinese,67
2024-05-22,American,25
2024-05-22,American,25
2024-05-22,Irish,13
2024-05-22,French,14
2024-05-22,French,37
2024-05-22,Irish,64
2024-05-22,Turkish,21
2024-05-22,French,74
2024-05-22,Irish,20
2024-05-22,French,75
2024-05-22,American,49
2024-05-22,Chinese,64
2024-05-22,Chinese,12
2024-05-22,English,51
2024-05-22,Chinese,14
2024-05-22,Chinese,79
2024-05-22,Japanese,13
2024-05-22,Japanese,19
2024-05-22,Japanese,62
2024-05-23,American,28
2024-05-23,Irish,73
2024-05-23,English,30
2024-05-23,Chinese,80
2024-05-23,Italian,25
2024-05-23,Chinese,67
2024-05-23,English,27
2024-05-23,Japanese,41
2024-05-23,Turkish,47
2024-05-23,Japanese,26
2024-05-23,Irish,57
2024-05-23,English,12
2024-05-23,Turkish,23
2024-05-23,Irish,75
2024-05-23,Spanish,35
2024-05-23,Italian,48
2024-05-23,Japanese,26
2024-05-23,French,61
2024-05-23,French,61
2024-05-23,Turkish,63
2024-05-23,Irish,21
2024-05-23,German,72
2024-05-23,Irish,76
2024-05-23,Spanish,49
2024-05-23,Chinese,49
2024-05-23,German,37
2024-05-23,Japanese,31
2024-05-23,Italian,32
2024-05-23,French,40
2024-05-23,Irish,39
2024-05-23,American,70
2024-05-23,American,54
2024-05-23,Irish,62
2024-05-23,Chinese,37
2024-05-23,Turkish,61
2024-05-23,Japanese,73
2024-05-23,Italian,64
2024-05-23,French,30
2024-05-23,English,80
2024-05-23,Japanese,76
2024-05-23,Irish,55
2024-05-23,American,80
2024-05-23,Japanese,16
2024-05-23,German,63
2024-05-23,French,78
2024-05-23,American,55
2024-05-23,English,50
2024-05-23,French,35
2024-05-23,American,45
2024-05-23,American,35
2024-05-23,French,75
2024-05-23,Spanish,35
2024-05-23,English,24
2024-05-23,Spanish,16
2024-05-23,Irish,68
2024-05-23,Irish,49
2024-05-23,Turkish,35
2024-05-23,English,63
2024-05-23,English,33
2024-05-23,Japanese,41
2024-05-23,Chinese,61
2024-05-23,French,18
2024-05-23,English,62
2024-05-23,English,46
2024-05-23,Turkish,72
2024-05-23,Spanish,29
2024-05-23,American,20
2024-05-23,Japanese,23
2024-05-23,French,60
2024-05-23,Chinese,14
2024-05-23,Chinese,11
2024-05-23,French,32
2024-05-23,Chinese,67
2024-05-23,American,25
2024-05-23,American,25
2024-05-23,Irish,13
2024-05-23,French,14
2024-05-23,French,37
2024-05-23,Irish,64
2024-05-23,Turkish,21
2024-05-23,French,74
2024-05-23,Irish,20
2024-05-23,French,75
2024-05-23,American,49
2024-05-23,Chinese,64
2024-05-23,Chinese,12
2024-05-23,English,51
2024-05-23,Chinese,14
2024-05-23,Chinese,79
2024-05-23,Japanese,13
2024-05-23,Japanese,19
2024-05-23,Japanese,62
2024-05-23,American,73
2024-05-23,Turkish,41
2024-05-23,German,56
2024-05-23,Irish,66
2024-05-23,American,74
2024-05-23,French,73
2024-05-23,Irish,11
2024-05-23,German,79
2024-05-24,American,28
2024-05-24,Irish,73
2024-05-24,English,30
2024-05-24,Chinese,80
2024-05-24,Italian,25
2024-05-24,Chinese,67
2024-05-24,English,27
2024-05-24,Japanese,41
2024-05-24,Turkish,47
2024-05-24,Japanese,26
2024-05-24,Irish,57
2024-05-24,English,12
2024-05-24,Turkish,23
2024-05-24,Spanish,35
2024-05-24,Italian,48
2024-05-24,Japanese,26
2024-05-24,French,61
2024-05-24,French,61
2024-05-24,Turkish,63
2024-05-24,Irish,21
2024-05-24,German,72
2024-05-24,Irish,76
2024-05-24,Spanish,49
2024-05-24,Chinese,49
2024-05-24,German,37
2024-05-24,Japanese,31
2024-05-24,Italian,32
2024-05-24,French,40
2024-05-24,Irish,39
2024-05-24,American,70
2024-05-24,American,54
2024-05-24,Irish,62
2024-05-24,Chinese,37
2024-05-24,Turkish,61
2024-05-24,Japanese,73
2024-05-24,Italian,64
2024-05-24,French,30
2024-05-24,English,80
2024-05-24,Japanese,76
2024-05-24,Irish,55
2024-05-24,American,80
2024-05-24,Japanese,16
2024-05-24,German,63
2024-05-24,French,78
2024-05-24,American,55
2024-05-24,English,50
2024-05-24,French,35
2024-05-24,American,45
2024-05-24,American,35
2024-05-24,French,75
2024-05-24,Spanish,35
2024-05-24,English,24
2024-05-24,Spanish,16
2024-05-24,Irish,68
2024-05-24,Irish,49
2024-05-24,English,63
2024-05-24,English,33
2024-05-24,Japanese,41
2024-05-24,French,18
2024-05-24,English,62
2024-05-24,English,46
2024-05-24,Turkish,72
2024-05-24,Spanish,29
2024-05-24,American,20
2024-05-24,Japanese,23
2024-05-24,French,60
2024-05-24,Chinese,14
2024-05-24,Chinese,11
2024-05-24,French,32
2024-05-24,Chinese,67
2024-05-24,American,25
2024-05-24,Irish,13
2024-05-24,French,14
2024-05-24,French,37
2024-05-24,Irish,64
2024-05-24,Turkish,21
2024-05-24,French,74
2024-05-24,Irish,20
2024-05-24,French,75
2024-05-24,American,49
2024-05-24,Chinese,64
2024-05-24,Chinese,12
2024-05-24,English,51
2024-05-24,Chinese,14
2024-05-24,Chinese,79
2024-05-24,Japanese,13
2024-05-24,Japanese,19
2024-05-24,Japanese,62
2024-05-24,American,73
2024-05-24,Turkish,41
2024-05-24,German,56
2024-05-24,Irish,66
2024-05-24,American,74
2024-05-24,French,73
2024-05-24,Irish,11
2024-05-24,German,79
2024-05-24,Turkish,77
2024-05-24,French,78
2024-05-24,German,35
2024-05-25,American,28
2024-05-25,Irish,73
2024-05-25,English,30
2024-05-25,Chinese,80
2024-05-25,Italian,25
2024-05-25,Chinese,67
2024-05-25,English,27
2024-05-25,Japanese,41
2024-05-25,Turkish,47
2024-05-25,Japanese,26
2024-05-25,Irish,57
2024-05-25,English,12
2024-05-25,Turkish,23
2024-05-25,Spanish,35
2024-05-25,Italian,48
2024-05-25,Japanese,26
2024-05-25,French,61
2024-05-25,French,61
2024-05-25,Turkish,63
2024-05-25,Irish,21
2024-05-25,German,72
2024-05-25,Irish,76
2024-05-25,Spanish,49
2024-05-25,Chinese,49
2024-05-25,German,37
2024-05-25,Japanese,31
2024-05-25,Italian,32
2024-05-25,French,40
2024-05-25,Irish,39
2024-05-25,American,70
2024-05-25,American,54
2024-05-25,Irish,62
2024-05-25,Chinese,37
2024-05-25,Turkish,61
2024-05-25,Japanese,73
2024-05-25,Italian,64
2024-05-25,French,30
2024-05-25,English,80
2024-05-25,Japanese,76
2024-05-25,Irish,55
2024-05-25,American,80
2024-05-25,Japanese,16
2024-05-25,German,63
2024-05-25,French,78
2024-05-25,American,55
2024-05-25,English,50
2024-05-25,French,35
2024-05-25,American,45
2024-05-25,American,35
2024-05-25,French,75
2024-05-25,Spanish,35
2024-05-25,English,24
2024-05-25,Spanish,16
2024-05-25,Irish,68
2024-05-25,Irish,49
2024-05-25,English,63
2024-05-25,English,33
2024-05-25,Japanese,41
2024-05-25,English,62
2024-05-25,English,46
2024-05-25,Turkish,72
2024-05-25,Spanish,29
2024-05-25,American,20
2024-05-25,Japanese,23
2024-05-25,French,60
2024-05-25,Chinese,14
2024-05-25,French,32
2024-05-25,Chinese,67
2024-05-25,American,25
2024-05-25,Irish,13
2024-05-25,French,14
2024-05-25,French,37
2024-05-25,Irish,64
2024-05-25,Turkish,21
2024-05-25,French,74
2024-05-25,Irish,20
2024-05-25,French,75
2024-05-25,American,49
2024-05-25,Chinese,64
2024-05-25,Chinese,12
2024-05-25,English,51
2024-05-25,Chinese,14
2024-05-25,Chinese,79
2024-05-25,Japanese,13
2024-05-25,Japanese,19
2024-05-25,American,73
2024-05-25,Turkish,41
2024-05-25,German,56
2024-05-25,Irish,66
2024-05-25,American,74
2024-05-25,French,73
2024-05-25,Irish,11
2024-05-25,German,79
2024-05-25,Turkish,77
2024-05-25,French,78
2024-05-25,German,35
2024-05-25,Irish,61
2024-05-25,Chinese,18
2024-05-25,Irish,27
2024-05-25,Italian,15
2024-05-26,American,28
2024-05-26,Irish,73
2024-05-26,English,30
2024-05-26,Chinese,80
2024-05-26,Italian,25
2024-05-26,Chinese,67
2024-05-26,English,27
2024-05-26,Japanese,41
2024-05-26,Turkish,47
2024-05-26,Japanese,26
2024-05-26,Irish,57
2024-05-26,English,12
2024-05-26,Turkish,23
2024-05-26,Spanish,35
2024-05-26,Italian,48
2024-05-26,Japanese,26
2024-05-26,French,61
2024-05-26,French,61
2024-05-26,Turkish,63
2024-05-26,Irish,21
2024-05-26,German,72
2024-05-26,Irish,76
2024-05-26,Spanish,49
2024-05-26,Chinese,49
2024-05-26,German,37
2024-05-26,Japanese,31
2024-05-26,French,40
2024-05-26,Irish,39
2024-05-26,American,70
2024-05-26,American,54
2024-05-26,Irish,62
2024-05-26,Chinese,37
2024-05-26,Turkish,61
2024-05-26,Japanese,73
2024-05-26,Italian,64
2024-05-26,English,80
2024-05-26,Japanese,76
2024-05-26,Irish,55
2024-05-26,American,80
2024-05-26,Japanese,16
2024-05-26,German,63
2024-05-26,French,78
2024-05-26,American,55
2024-05-26,English,50
2024-05-26,French,35
2024-05-26,American,45
2024-05-26,American,35
2024-05-26,French,75
2024-05-26,Spanish,35
2024-05-26,English,24
2024-05-26,Spanish,16
2024-05-26,Irish,68
2024-05-26,Irish,49
2024-05-26,English,63
2024-05-26,English,33
2024-05-26,Japanese,41
2024-05-26,English,62
2024-05-26,English,46
2024-05-26,Turkish,72
2024-05-26,Spanish,29
2024-05-26,American,20
2024-05-26,Japanese,23
2024-05-26,French,60
2024-05-26,Chinese,14
2024-05-26,French,32
2024-05-26,Chinese,67
2024-05-26,American,25
2024-05-26,Irish,13
2024-05-26,French,14
2024-05-26,French,37
2024-05-26,Irish,64
2024-05-26,Turkish,21
2024-05-26,French,74
2024-05-26,Irish,20
2024-05-26,American,49
2024-05-26,Chinese,64
2024-05-26,English,51
2024-05-26,Chinese,14
2024-05-26,Chinese,79
2024-05-26,Japanese,13
2024-05-26,Japanese,19
2024-05-26,American,73
2024-05-26,Turkish,41
2024-05-26,German,56
2024-05-26,Irish,66
2024-05-26,American,74
2024-05-26,French,73
2024-05-26,Irish,11
2024-05-26,German,79
2024-05-26,Turkish,77
2024-05-26,French,78
2024-05-26,German,35
2024-05-26,Irish,61
2024-05-26,Chinese,18
2024-05-26,Irish,27
2024-05-26,Italian,15
2024-05-26,Spanish,10
2024-05-26,English,74
2024-05-26,Spanish,61
2024-05-26,American,62
2024-05-26,Italian,17
2024-05-26,Irish,74
2024-05-26,Turkish,55
2024-05-27,American,28
2024-05-27,Irish,73
2024-05-27,English,30
2024-05-27,Chinese,80
2024-05-27,Italian,25
2024-05-27,Chinese,67
2024-05-27,English,27
2024-05-27,Japanese,41
2024-05-27,Turkish,47
2024-05-27,Japanese,26
2024-05-27,Irish,57
2024-05-27,English,12
2024-05-27,Turkish,23
2024-05-27,Spanish,35
2024-05-27,Italian,48
2024-05-27,Japanese,26
2024-05-27,French,61
2024-05-27,French,61
2024-05-27,Turkish,63
2024-05-27,Irish,21
2024-05-27,German,72
2024-05-27,Irish,76
2024-05-27,Spanish,49
2024-05-27,Chinese,49
2024-05-27,German,37
2024-05-27,Japanese,31
2024-05-27,French,40
2024-05-27,Irish,39
2024-05-27,American,70
2024-05-27,American,54
2024-05-27,Irish,62
2024-05-27,Chinese,37
2024-05-27,Turkish,61
2024-05-27,Japanese,73
2024-05-27,Italian,64
2024-05-27,English,80
2024-05-27,Japanese,76
2024-05-27,Irish,55
2024-05-27,American,80
2024-05-27,Japanese,16
2024-05-27,German,63
2024-05-27,French,78
2024-05-27,American,55
2024-05-27,English,50
2024-05-27,French,35
2024-05-27,American,35
2024-05-27,French,75
2024-05-27,Spanish,35
2024-05-27,English,24
2024-05-27,Spanish,16
2024-05-27,Irish,68
2024-05-27,Irish,49
2024-05-27,English,63
2024-05-27,English,33
2024-05-27,Japanese,41
2024-05-27,English,62
2024-05-27,English,46
2024-05-27,Turkish,72
2024-05-27,Spanish,29
2024-05-27,American,20
2024-05-27,Japanese,23
2024-05-27,French,60
2024-05-27,Chinese,14
2024-05-27,French,32
2024-05-27,Chinese,67
2024-05-27,American,25
2024-05-27,Irish,13
2024-05-27,French,14
2024-05-27,French,37
2024-05-27,Irish,64
2024-05-27,Turkish,21
2024-05-27,French,74
2024-05-27,Irish,20
2024-05-27,American,49
2024-05-27,Chinese,64
2024-05-27,English,51
2024-05-27,Chinese,14
2024-05-27,Chinese,79
2024-05-27,Japanese,13
2024-05-27,Japanese,19
2024-05-27,American,73
2024-05-27,Turkish,41
2024-05-27,German,56
2024-05-27,Irish,66
2024-05-27,American,74
2024-05-27,French,73
2024-05-27,Irish,11
2024-05-27,German,79
2024-05-27,Turkish,77
2024-05-27,French,78
2024-05-27,German,35
2024-05-27,Irish,61
2024-05-27,Chinese,18
2024-05-27,Irish,27
2024-05-27,Italian,15
2024-05-27,Spanish,10
2024-05-27,English,74
2024-05-27,Spanish,61
2024-05-27,American,62
2024-05-27,Italian,17
2024-05-27,Irish,74
2024-05-27,Turkish,55
2024-05-27,French,46
2024-05-27,English,10
2024-05-27,French,55
2024-05-27,Spanish,57
2024-05-27,Irish,51
2024-05-27,Turkish,61
2024-05-27,Spanish,31
2024-05-27,German,37
2024-05-28,American,28
2024-05-28,Irish,73
2024-05-28,English,30
2024-05-28,Chinese,80
2024-05-28,Italian,25
2024-05-28,Chinese,67
2024-05-28,English,27
2024-05-28,Japanese,41
2024-05-28,Turkish,47
2024-05-28,Japanese,26
2024-05-28,Irish,57
2024-05-28,English,12
2024-05-28,Turkish,23
2024-05-28,Spanish,35
2024-05-28,Italian,48
2024-05-28,Japanese,26
2024-05-28,French,61
2024-05-28,French,61
2024-05-28,Irish,21
2024-05-28,German,72
2024-05-28,Irish,76
2024-05-28,Spanish,49
2024-05-28,Chinese,49
2024-05-28,German,37
2024-05-28,Japanese,31
2024-05-28,French,40
2024-05-28,Irish,39
2024-05-28,American,70
2024-05-28,American,54
2024-05-28,Irish,62
2024-05-28,Chinese,37
2024-05-28,Turkish,61
2024-05-28,Japanese,73
2024-05-28,Italian,64
2024-05-28,English,80
2024-05-28,Irish,55
2024-05-28,American,80
2024-05-28,Japanese,16
2024-05-28,German,63
2024-05-28,French,78
2024-05-28,American,55
2024-05-28,English,50
2024-05-28,French,35
2024-05-28,American,35
2024-05-28,French,75
2024-05-28,Spanish,35
2024-05-28,English,24
2024-05-28,Spanish,16
2024-05-28,Irish,68
2024-05-28,Irish,49
2024-05-28,English,63
2024-05-28,Japanese,41
2024-05-28,English,62
2024-05-28,English,46
2024-05-28,Turkish,72
2024-05-28,Spanish,29
2024-05-28,Japanese,23
2024-05-28,French,60
2024-05-28,Chinese,14
2024-05-28,French,32
2024-05-28,Chinese,67
2024-05-28,American,25
2024-05-28,Irish,13
2024-05-28,French,14
2024-05-28,French,37
2024-05-28,Irish,64
2024-05-28,Turkish,21
2024-05-28,French,74
2024-05-28,Irish,20
2024-05-28,American,49
2024-05-28,Chinese,64
2024-05-28,English,51
2024-05-28,Chinese,14
2024-05-28,Chinese,79
2024-05-28,Japanese,19
2024-05-28,American,73
2024-05-28,Turkish,41
2024-05-28,German,56
2024-05-28,Irish,66
2024-05-28,American,74
2024-05-28,French,73
2024-05-28,Irish,11
2024-05-28,German,79
2024-05-28,Turkish,77
2024-05-28,French,78
2024-05-28,German,35
2024-05-28,Irish,61
2024-05-28,Chinese,18
2024-05-28,Irish,27
2024-05-28,Italian,15
2024-05-28,Spanish,10
2024-05-28,English,74
2024-05-28,Spanish,61
2024-05-28,American,62
2024-05-28,Italian,17
2024-05-28,Irish,74
2024-05-28,Turkish,55
2024-05-28,French,46
2024-05-28,English,10
2024-05-28,French,55
2024-05-28,Spanish,57
2024-05-28,Irish,51
2024-05-28,Turkish,61
2024-05-28,Spanish,31
2024-05-28,German,37
2024-05-28,English,24
2024-05-28,Chinese,64
2024-05-28,Italian,43
2024-05-28,Japanese,23
2024-05-28,American,11
2024-05-28,Japanese,61
2024-05-28,Italian,39
2024-05-29,American,28
2024-05-29,Irish,73
2024-05-29,English,30
2024-05-29,Chinese,80
2024-05-29,Italian,25
2024-05-29,Chinese,67
2024-05-29,English,27
2024-05-29,Turkish,47
2024-05-29,Japanese,26
2024-05-29,Irish,57
2024-05-29,English,12
2024-05-29,Turkish,23
2024-05-29,Spanish,35
2024-05-29,Italian,48
2024-05-29,Japanese,26
2024-05-29,French,61
2024-05-29,French,61
2024-05-29,Irish,21
2024-05-29,German,72
2024-05-29,Irish,76
2024-05-29,Spanish,49
2024-05-29,German,37
2024-05-29,Japanese,31
2024-05-29,Irish,39
2024-05-29,American,70
2024-05-29,American,54
2024-05-29,Irish,62
2024-05-29,Chinese,37
2024-05-29,Turkish,61
2024-05-29,Japanese,73
2024-05-29,Italian,64
2024-05-29,English,80
2024-05-29,Irish,55
2024-05-29,Japanese,16
2024-05-29,German,63
2024-05-29,French,78
2024-05-29,American,55
2024-05-29,English,50
2024-05-29,French,35
2024-05-29,American,35
2024-05-29,French,75
2024-05-29,Spanish,35
2024-05-29,Spanish,16
2024-05-29,Irish,68
2024-05-29,Irish,49
2024-05-29,English,63
2024-05-29,Japanese,41
2024-05-29,English,62
2024-05-29,English,46
2024-05-29,Turkish,72
2024-05-29,Spanish,29
2024-05-29,Japanese,23
2024-05-29,French,60
2024-05-29,Chinese,14
2024-05-29,French,32
2024-05-29,Chinese,67
2024-05-29,American,25
2024-05-29,Irish,13
2024-05-29,French,14
2024-05-29,French,37
2024-05-29,Irish,64
2024-05-29,Turkish,21
2024-05-29,French,74
2024-05-29,Irish,20
2024-05-29,American,49
2024-05-29,Chinese,64
2024-05-29,English,51
2024-05-29,Chinese,14
2024-05-29,Chinese,79
2024-05-29,Japanese,19
2024-05-29,American,73
2024-05-29,Turkish,41
2024-05-29,German,56
2024-05-29,Irish,66
2024-05-29,American,74
2024-05-29,French,73
2024-05-29,Irish,11
2024-05-29,German,79
2024-05-29,Turkish,77
2024-05-29,French,78
2024-05-29,German,35
2024-05-29,Irish,61
2024-05-29,Chinese,18
2024-05-29,Irish,27
2024-05-29,Italian,15
2024-05-29,Spanish,10
2024-05-29,English,74
2024-05-29,Spanish,61
2024-05-29,American,62
2024-05-29,Italian,17
2024-05-29,Irish,74
2024-05-29,Turkish,55
2024-05-29,French,46
2024-05-29,English,10
2024-05-29,French,55
2024-05-29,Spanish,57
2024-05-29,Irish,51
2024-05-29,Turkish,61
2024-05-29,Spanish,31
2024-05-29,German,37
2024-05-29,English,24
2024-05-29,Chinese,64
2024-05-29,Italian,43
2024-05-29,Japanese,23
2024-05-29,American,11
2024-05-29,Japanese,61
2024-05-29,Italian,39
2024-05-29,Japanese,18
2024-05-29,Chinese,16
2024-05-29,French,20
2024-05-30,American,28
2024-05-30,Irish,73
2024-05-30,English,30
2024-05-30,Chinese,80
2024-05-30,Italian,25
2024-05-30,Chinese,67
2024-05-30,English,27
2024-05-30,Turkish,47
2024-05-30,Japanese,26
2024-05-30,Irish,57
2024-05-30,English,12
2024-05-30,Turkish,23
2024-05-30,Spanish,35
2024-05-30,Italian,48
2024-05-30,Japanese,26
2024-05-30,French,61
2024-05-30,French,61
2024-05-30,Irish,21
2024-05-30,German,72
2024-05-30,Irish,76
2024-05-30,Spanish,49
2024-05-30,German,37
2024-05-30,Japanese,31
2024-05-30,Irish,39
2024-05-30,American,70
2024-05-30,American,54
2024-05-30,Irish,62
2024-05-30,Chinese,37
2024-05-30,Turkish,61
2024-05-30,Japanese,73
2024-05-30,Italian,64
2024-05-30,English,80
2024-05-30,Irish,55
2024-05-30,Japanese,16
2024-05-30,German,63
2024-05-30,French,78
2024-05-30,American,55
2024-05-30,English,50
2024-05-30,French,35
2024-05-30,American,35
2024-05-30,French,75
2024-05-30,Spanish,35
2024-05-30,Spanish,16
2024-05-30,Irish,68
2024-05-30,Irish,49
2024-05-30,English,63
2024-05-30,Japanese,41
2024-05-30,English,62
2024-05-30,English,46
2024-05-30,Turkish,72
2024-05-30,Spanish,29
2024-05-30,Japanese,23
2024-05-30,French,60
2024-05-30,Chinese,14
2024-05-30,French,32
2024-05-30,Chinese,67
2024-05-30,American,25
2024-05-30,Irish,13
2024-05-30,French,14
2024-05-30,Irish,64
2024-05-30,Turkish,21
2024-05-30,French,74
2024-05-30,Irish,20
2024-05-30,American,49
2024-05-30,Chinese,64
2024-05-30,English,51
2024-05-30,Chinese,14
2024-05-30,Chinese,79
2024-05-30,Japanese,19
2024-05-30,American,73
2024-05-30,Turkish,41
2024-05-30,German,56
2024-05-30,Irish,66
2024-05-30,American,74
2024-05-30,French,73
2024-05-30,Irish,11
2024-05-30,German,79
2024-05-30,Turkish,77
2024-05-30,French,78
2024-05-30,German,35
2024-05-30,Irish,61
2024-05-30,Chinese,18
2024-05-30,Irish,27
2024-05-30,Italian,15
2024-05-30,Spanish,10
2024-05-30,English,74
2024-05-30,Spanish,61
2024-05-30,American,62
2024-05-30,Italian,17
2024-05-30,Irish,74
2024-05-30,French,46
2024-05-30,English,10
2024-05-30,French,55
2024-05-30,Spanish,57
2024-05-30,Irish,51
2024-05-30,Spanish,31
2024-05-30,German,37
2024-05-30,English,24
2024-05-30,Chinese,64
2024-05-30,Italian,43
2024-05-30,Japanese,23
2024-05-30,American,11
2024-05-30,Italian,39
2024-05-30,Japanese,18
2024-05-30,Chinese,16
2024-05-30,French,20
2024-05-30,Japanese,36
2024-05-30,American,31
